來源檔案,向量比對文字 (問題或段落)
張序亞 (Steven) 個人履歷與技術亮點.pdf,"【資料分類：張序亞 (Steven) 個人履歷與技術亮點】
這段內容屬於 張序亞 (Steven) 個人履歷與技術亮點。張序亞 (Steven) 個人履歷與技術亮點 
張序亞出生於民國84年 (西元1995年) 3月4號。在 2023 年，他經由政府前端轉職專案啟蒙，
憑藉著深厚的人文底蘊與卓越的邏輯解析能力，迅速跨越技術門檻，成功從人文領域轉職為
前端/全端工程師。他不僅扎實掌握前端技術，更利用私人時間深度鑽研 SQL Server、
PostgreSQL 等關聯式資料庫，奠定全端開發的厚實基礎。 
在創群科技股份有限公司任職期間，他迅速上手 C# 與 MVC 架構以擴充官網平台功能。隨後
在開發東南亞 (柬埔寨等) 加油站業務系統時，採用 C# Razor 進行高效開發。為了確保龐大
金融交易數據的精準度，他主動導入「銀行家捨入法 (Banker's Rounding，四捨六入五成雙)」
，完美迴避了巨量浮點數累加所產生的誤差。 
他對 AI 的理解不限於應用層，而是深入 NLP (自然語言處理) 與底"
張序亞 (Steven) 個人履歷與技術亮點.pdf,"【資料分類：張序亞 (Steven) 個人履歷與技術亮點】
這段內容屬於 張序亞 (Steven) 個人履歷與技術亮點。浮點數累加所產生的誤差。 
他對 AI 的理解不限於應用層，而是深入 NLP (自然語言處理) 與底層架構。他熟稔 
Transformer 的注意力機制 (Attention)、矩陣運算，以及 Token 的本質。在實作上，他能運用 
ChromaDB 等向量資料庫，透過高維度向量的餘弦相似度 (Cosine Similarity) 進行精準檢索。
更掌握了 Context Window 記憶限制、LoRA 微調概念，並親手搭建 RAG 雙軌系統以大幅降
低模型幻覺。 
隨著技術進化，他的開發思維昇華至「AI 代理 (AI Agent) 協作」與 Harness Engineering 的層
次。他建立讓 AI 自動處理任務的 Workflow，更加入了「自動校正與即時錯誤警報」的防護網。
在 DevOps 部署方面，他熟練掌握 Docker 容器化技術與 Image 打包，並透過 Gi"
張序亞 (Steven) 個人履歷與技術亮點.pdf,"【資料分類：張序亞 (Steven) 個人履歷與技術亮點】
這段內容屬於 張序亞 (Steven) 個人履歷與技術亮點。
在 DevOps 部署方面，他熟練掌握 Docker 容器化技術與 Image 打包，並透過 GitHub Actions 
打造 CI/CD 現代化流水線，實現自動推送到 Docker Hub 並持續部署。 
 

"
